Fecha,Hora,Temperatura,Humedad,Lluvia,Luz,Viento
2025-05-20,15:52:26,27.4,56.0,Sin lluvia,Nublado,4
2025-05-20,15:52:31,27.3,56.0,Sin lluvia,Nublado,4
2025-05-20,15:52:36,27.3,56.0,Sin lluvia,Nublado,4
2025-05-20,15:52:41,27.3,56.0,Sin lluvia,Nublado,4
2025-05-20,15:52:46,27.3,56.0,Sin lluvia,Nublado,4
2025-05-20,15:52:51,27.3,56.0,Sin lluvia,Nublado,4
2025-05-20,15:52:56,27.3,56.0,Sin lluvia,Nublado,4
2025-05-20,15:53:01,27.2,56.0,Sin lluvia,Nublado,4
2025-05-20,15:53:06,27.2,56.0,Sin lluvia,Nublado,4
2025-05-20,15:53:11,27.2,56.0,Sin lluvia,Nublado,4
2025-05-20,15:53:16,27.1,56.0,Sin lluvia,Nublado,4
2025-05-20,15:53:21,27.1,57.0,Sin lluvia,Nublado,4
2025-05-20,15:53:26,27.1,57.0,Sin lluvia,Nublado,4
2025-05-20,15:53:31,27.1,57.0,Sin lluvia,Nublado,4
2025-05-20,15:53:36,27.1,57.0,Sin lluvia,Nublado,4
2025-05-20,15:53:41,27.1,57.0,Sin lluvia,Nublado,4
2025-05-20,15:53:46,27.0,57.0,Sin lluvia,Nublado,4
2025-05-20,15:53:51,27.0,57.0,Sin lluvia,Nublado,4
2025-05-20,15:53:56,27.0,57.0,Sin lluvia,Nublado,4
2025-05-20,15:54:01,27.0,57.0,Sin lluvia,Nublado,4
2025-05-20,15:54:06,27.0,57.0,Sin lluvia,Nublado,4
2025-05-20,15:54:11,27.0,57.0,Sin lluvia,Nublado,4
2025-05-20,15:54:16,27.0,57.0,Sin lluvia,Nublado,4
2025-05-20,15:54:21,27.0,57.0,Sin lluvia,Nublado,4
2025-05-20,15:54:26,27.0,57.0,Sin lluvia,Nublado,4
2025-05-20,15:54:32,27.0,57.0,Sin lluvia,Nublado,4
2025-05-20,15:54:37,27.0,57.0,Sin lluvia,Nublado,4
2025-05-20,15:54:42,27.0,57.0,Sin lluvia,Nublado,4
2025-05-20,15:54:47,27.0,57.0,Sin lluvia,Nublado,4
2025-05-20,15:54:52,27.0,57.0,Sin lluvia,Nublado,4
2025-05-20,15:54:57,27.0,57.0,Sin lluvia,Nublado,4
2025-05-20,15:55:02,27.0,58.0,Sin lluvia,Nublado,4
2025-05-20,15:55:07,27.0,57.0,Sin lluvia,Nublado,4
2025-05-20,15:55:12,27.0,57.0,Sin lluvia,Nublado,4
2025-05-20,15:55:17,26.9,57.0,Sin lluvia,Nublado,4
2025-05-20,15:55:22,27.0,57.0,Sin lluvia,Nublado,4
2025-05-20,15:55:27,26.9,58.0,Sin lluvia,Nublado,4
2025-05-20,15:55:32,26.9,57.0,Sin lluvia,Nublado,4
2025-05-20,15:55:37,26.9,57.0,Sin lluvia,Nublado,4
2025-05-20,15:55:42,26.9,58.0,Sin lluvia,Nublado,4
2025-05-20,15:55:47,26.9,58.0,Sin lluvia,Nublado,4
2025-05-20,15:55:52,26.9,58.0,Sin lluvia,Nublado,4
2025-05-20,15:55:57,26.9,58.0,Sin lluvia,Nublado,4
2025-05-20,15:56:02,26.8,58.0,Sin lluvia,Nublado,4
2025-05-20,15:56:07,26.8,58.0,Sin lluvia,Nublado,4
2025-05-20,15:56:12,26.9,58.0,Sin lluvia,Nublado,4
2025-05-20,15:56:17,26.8,58.0,Sin lluvia,Nublado,4
2025-05-20,15:56:22,26.9,58.0,Sin lluvia,Nublado,4
2025-05-20,15:56:27,26.8,58.0,Sin lluvia,Nublado,4
2025-05-20,15:56:32,26.8,59.0,Sin lluvia,Nublado,4
2025-05-20,15:56:37,26.8,59.0,Sin lluvia,Nublado,4
2025-05-20,15:56:42,26.8,58.0,Sin lluvia,Nublado,4
2025-05-20,15:56:47,26.8,58.0,Sin lluvia,Nublado,4
2025-05-20,15:56:52,26.8,58.0,Sin lluvia,Nublado,4
2025-05-20,15:56:57,26.8,58.0,Sin lluvia,Nublado,4
2025-05-20,15:57:02,26.8,58.0,Sin lluvia,Nublado,4
2025-05-20,15:57:07,26.8,58.0,Sin lluvia,Nublado,4
2025-05-20,15:57:12,26.8,58.0,Sin lluvia,Nublado,4
2025-05-20,15:57:17,26.8,58.0,Sin lluvia,Nublado,4
2025-05-20,15:57:23,26.8,58.0,Sin lluvia,Nublado,4
2025-05-20,15:57:28,26.8,58.0,Sin lluvia,Nublado,4
2025-05-20,15:57:33,26.8,58.0,Sin lluvia,Nublado,4
2025-05-20,15:57:38,26.8,58.0,Sin lluvia,Nublado,4
2025-05-20,15:57:43,26.8,58.0,Sin lluvia,Nublado,4
2025-05-20,15:57:48,26.8,58.0,Sin lluvia,Nublado,4
2025-05-20,15:57:53,26.8,58.0,Sin lluvia,Nublado,4
2025-05-20,15:57:58,26.8,58.0,Sin lluvia,Nublado,4
2025-05-20,15:58:03,26.8,58.0,Sin lluvia,Nublado,4
2025-05-20,15:58:08,26.8,58.0,Sin lluvia,Nublado,4
2025-05-20,15:58:13,26.8,58.0,Sin lluvia,Nublado,4
2025-05-20,15:58:18,26.8,58.0,Sin lluvia,Nublado,4
2025-05-20,15:58:23,26.8,58.0,Sin lluvia,Nublado,4
2025-05-20,15:58:28,26.8,58.0,Sin lluvia,Nublado,4
2025-05-20,15:58:33,26.8,58.0,Sin lluvia,Nublado,4
2025-05-20,15:58:38,26.8,58.0,Sin lluvia,Nublado,4
2025-05-20,15:58:43,26.8,58.0,Sin lluvia,Nublado,4
2025-05-20,15:58:48,26.8,58.0,Sin lluvia,Nublado,4
2025-05-20,15:58:53,26.8,58.0,Sin lluvia,Nublado,4
2025-05-20,15:58:58,26.8,58.0,Sin lluvia,Nublado,4
2025-05-20,15:59:03,26.8,58.0,Sin lluvia,Nublado,4
2025-05-20,15:59:08,26.8,58.0,Sin lluvia,Nublado,4
2025-05-20,15:59:13,26.8,58.0,Sin lluvia,Nublado,4
2025-05-20,15:59:18,26.8,58.0,Sin lluvia,Nublado,4
2025-05-20,15:59:23,26.8,58.0,Sin lluvia,Nublado,4
2025-05-20,15:59:28,26.8,58.0,Sin lluvia,Nublado,4
2025-05-20,15:59:33,26.7,59.0,Sin lluvia,Nublado,4
2025-05-20,15:59:38,26.8,59.0,Sin lluvia,Nublado,4
2025-05-20,15:59:43,26.8,58.0,Sin lluvia,Nublado,4
2025-05-20,15:59:48,26.8,58.0,Sin lluvia,Nublado,4
2025-05-20,15:59:53,26.8,58.0,Sin lluvia,Nublado,4
2025-05-20,15:59:58,26.8,58.0,Sin lluvia,Nublado,4
2025-05-20,16:00:03,26.8,58.0,Sin lluvia,Nublado,4
2025-05-20,16:00:08,26.8,58.0,Sin lluvia,Nublado,4
2025-05-20,16:00:14,26.8,59.0,Sin lluvia,Nublado,4
2025-05-20,16:00:19,26.8,59.0,Sin lluvia,Nublado,4
2025-05-20,16:00:24,26.8,59.0,Sin lluvia,Nublado,4
2025-05-20,16:00:29,26.8,59.0,Sin lluvia,Nublado,4
2025-05-20,16:00:34,26.8,59.0,Sin lluvia,Nublado,4
2025-05-20,16:00:39,26.8,59.0,Sin lluvia,Nublado,4
2025-05-20,16:00:44,26.8,59.0,Sin lluvia,Nublado,4
2025-05-20,16:00:49,26.8,59.0,Sin lluvia,Nublado,4
2025-05-20,16:00:54,26.8,59.0,Sin lluvia,Nublado,4
2025-05-20,16:00:59,26.8,59.0,Sin lluvia,Nublado,4
2025-05-20,16:01:04,26.8,58.0,Sin lluvia,Nublado,4
2025-05-20,16:01:09,26.8,58.0,Sin lluvia,Nublado,4
2025-05-20,16:01:14,26.8,58.0,Sin lluvia,Nublado,4
2025-05-20,16:01:19,26.8,58.0,Sin lluvia,Nublado,4
2025-05-20,16:01:24,26.8,58.0,Sin lluvia,Nublado,4
2025-05-20,16:01:29,26.8,58.0,Sin lluvia,Nublado,4
2025-05-20,16:01:34,26.8,58.0,Sin lluvia,Nublado,4
2025-05-20,16:01:39,26.7,58.0,Sin lluvia,Nublado,4
2025-05-20,16:01:44,26.8,58.0,Sin lluvia,Nublado,4
2025-05-20,16:01:49,26.7,58.0,Sin lluvia,Nublado,4
2025-05-20,16:01:54,26.7,58.0,Sin lluvia,Nublado,4
2025-05-20,16:01:59,26.7,58.0,Sin lluvia,Nublado,4
2025-05-20,16:02:04,26.6,58.0,Sin lluvia,Nublado,4
2025-05-20,16:02:09,26.7,58.0,Sin lluvia,Nublado,4
2025-05-20,16:02:14,26.6,58.0,Sin lluvia,Nublado,4
2025-05-20,16:02:19,26.7,58.0,Sin lluvia,Nublado,4
2025-05-20,16:02:24,26.7,58.0,Sin lluvia,Nublado,4
2025-05-20,16:02:29,26.6,59.0,Sin lluvia,Nublado,4
2025-05-20,16:02:34,26.6,59.0,Sin lluvia,Nublado,4
2025-05-20,16:02:39,26.6,59.0,Sin lluvia,Nublado,4
2025-05-20,16:02:44,26.6,59.0,Sin lluvia,Nublado,4
2025-05-20,16:02:49,26.7,59.0,Sin lluvia,Nublado,4
2025-05-20,16:02:54,26.7,59.0,Sin lluvia,Nublado,4
2025-05-20,16:02:59,26.6,59.0,Sin lluvia,Nublado,4
2025-05-20,16:03:05,26.7,59.0,Sin lluvia,Nublado,4
2025-05-20,16:03:10,26.6,59.0,Sin lluvia,Nublado,4
2025-05-20,16:03:15,26.6,59.0,Sin lluvia,Nublado,4
2025-05-20,16:03:20,26.6,59.0,Sin lluvia,Nublado,4
2025-05-20,16:03:25,26.6,59.0,Sin lluvia,Nublado,4
2025-05-20,16:03:30,26.6,59.0,Sin lluvia,Nublado,4
2025-05-20,16:03:35,26.6,59.0,Sin lluvia,Nublado,4
2025-05-20,16:03:40,26.6,59.0,Sin lluvia,Nublado,4
2025-05-20,16:03:45,26.6,59.0,Sin lluvia,Nublado,4
2025-05-20,16:03:50,26.6,59.0,Sin lluvia,Nublado,4
2025-05-20,16:03:55,26.6,59.0,Sin lluvia,Nublado,4
2025-05-20,16:04:00,26.6,59.0,Sin lluvia,Nublado,4
2025-05-20,16:04:05,26.6,59.0,Sin lluvia,Nublado,4
2025-05-20,16:04:10,26.6,59.0,Sin lluvia,Nublado,4
2025-05-20,16:04:15,26.6,59.0,Sin lluvia,Nublado,4
2025-05-20,16:04:20,26.6,59.0,Sin lluvia,Nublado,4
2025-05-20,16:04:25,26.6,59.0,Sin lluvia,Nublado,4
2025-05-20,16:04:30,26.6,59.0,Sin lluvia,Nublado,4
2025-05-20,16:04:35,26.6,59.0,Sin lluvia,Nublado,4
2025-05-20,16:04:40,26.6,59.0,Sin lluvia,Nublado,4
2025-05-20,16:04:45,26.6,60.0,Sin lluvia,Nublado,4
2025-05-20,16:04:50,26.6,59.0,Sin lluvia,Nublado,4
2025-05-20,16:04:55,26.7,59.0,Sin lluvia,Nublado,4
2025-05-20,16:05:00,26.6,59.0,Sin lluvia,Nublado,4
2025-05-20,16:05:05,26.6,59.0,Sin lluvia,Nublado,4
2025-05-20,16:05:10,26.6,59.0,Sin lluvia,Nublado,4
2025-05-20,16:05:15,26.6,59.0,Sin lluvia,Nublado,4
2025-05-20,16:05:20,26.6,59.0,Sin lluvia,Nublado,4
2025-05-20,16:05:25,26.6,59.0,Sin lluvia,Nublado,4
2025-05-20,16:05:30,26.6,59.0,Sin lluvia,Nublado,4
2025-05-20,16:05:35,26.6,59.0,Sin lluvia,Nublado,4
2025-05-20,16:05:40,26.7,59.0,Sin lluvia,Nublado,4
2025-05-20,16:05:45,26.6,59.0,Sin lluvia,Nublado,4
2025-05-20,16:05:50,26.6,59.0,Sin lluvia,Nublado,4
2025-05-20,16:05:56,26.6,59.0,Sin lluvia,Nublado,4
2025-05-20,16:06:01,26.6,59.0,Sin lluvia,Nublado,4
2025-05-20,16:06:06,26.6,59.0,Sin lluvia,Nublado,4
2025-05-20,16:06:11,26.6,59.0,Sin lluvia,Nublado,4
2025-05-20,16:06:16,26.6,59.0,Sin lluvia,Nublado,4
2025-05-20,16:06:21,26.6,59.0,Sin lluvia,Nublado,4
2025-05-20,16:06:26,26.6,59.0,Sin lluvia,Nublado,4
2025-05-20,16:06:31,26.6,59.0,Sin lluvia,Nublado,4
2025-05-20,16:06:36,26.6,59.0,Sin lluvia,Nublado,4
2025-05-20,16:06:41,26.6,59.0,Sin lluvia,Nublado,4
2025-05-20,16:06:46,26.6,59.0,Sin lluvia,Nublado,4
2025-05-20,16:06:51,26.6,59.0,Sin lluvia,Nublado,4
2025-05-20,16:06:56,26.6,59.0,Sin lluvia,Nublado,4
2025-05-20,16:07:01,26.6,59.0,Sin lluvia,Nublado,4
2025-05-20,16:07:06,26.6,59.0,Sin lluvia,Nublado,4
2025-05-20,16:07:11,26.6,59.0,Sin lluvia,Nublado,4
2025-05-20,16:07:16,26.6,59.0,Sin lluvia,Nublado,4
2025-05-20,16:07:21,26.6,59.0,Sin lluvia,Nublado,4
2025-05-20,16:07:26,26.6,59.0,Sin lluvia,Nublado,4
2025-05-20,16:07:31,26.6,59.0,Sin lluvia,Nublado,4
2025-05-20,16:07:36,26.6,59.0,Sin lluvia,Nublado,4
2025-05-20,16:07:41,26.6,59.0,Sin lluvia,Nublado,4
2025-05-20,16:07:46,26.6,59.0,Sin lluvia,Nublado,4
2025-05-20,16:07:51,26.6,59.0,Sin lluvia,Nublado,4
2025-05-20,16:07:56,26.6,59.0,Sin lluvia,Nublado,4
2025-05-20,16:08:01,26.6,59.0,Sin lluvia,Nublado,4
2025-05-20,16:08:06,26.6,59.0,Sin lluvia,Nublado,4
2025-05-20,16:08:11,26.6,59.0,Sin lluvia,Nublado,4
2025-05-20,16:08:16,26.6,59.0,Sin lluvia,Nublado,4
2025-05-20,16:08:21,26.6,59.0,Sin lluvia,Nublado,4
2025-05-20,16:08:26,26.6,59.0,Sin lluvia,Nublado,4
2025-05-20,16:08:31,26.6,59.0,Sin lluvia,Nublado,4
2025-05-20,16:08:36,26.6,59.0,Sin lluvia,Nublado,4
2025-05-20,16:08:41,26.6,59.0,Sin lluvia,Nublado,4
2025-05-20,16:08:47,26.6,59.0,Sin lluvia,Nublado,4
2025-05-20,16:08:52,26.6,59.0,Sin lluvia,Nublado,4
2025-05-20,16:08:57,26.6,59.0,Sin lluvia,Nublado,4
2025-05-20,16:09:02,26.6,59.0,Sin lluvia,Nublado,4
2025-05-20,16:09:07,26.6,59.0,Sin lluvia,Nublado,4
2025-05-20,16:09:12,26.6,59.0,Sin lluvia,Nublado,4
2025-05-20,16:09:17,26.6,59.0,Sin lluvia,Nublado,4
2025-05-20,16:09:22,26.6,59.0,Sin lluvia,Nublado,4
2025-05-20,16:09:27,26.5,59.0,Sin lluvia,Nublado,4
2025-05-20,16:09:32,26.6,60.0,Sin lluvia,Nublado,4
2025-05-20,16:09:37,26.6,60.0,Sin lluvia,Nublado,4
2025-05-20,16:09:42,26.5,59.0,Sin lluvia,Nublado,4
2025-05-20,16:09:47,26.6,59.0,Sin lluvia,Nublado,4
2025-05-20,16:09:52,26.6,59.0,Sin lluvia,Nublado,4
2025-05-20,16:09:57,26.6,59.0,Sin lluvia,Nublado,4
2025-05-20,16:10:02,26.6,59.0,Sin lluvia,Nublado,4
2025-05-20,16:10:07,26.6,59.0,Sin lluvia,Nublado,4
2025-05-20,16:10:12,26.6,59.0,Sin lluvia,Nublado,4
2025-05-20,16:10:17,26.6,59.0,Sin lluvia,Noche,4
2025-05-20,16:10:22,26.6,59.0,Sin lluvia,Nublado,4
2025-05-20,16:10:27,26.6,59.0,Sin lluvia,Nublado,4
2025-05-20,16:10:32,26.6,59.0,Sin lluvia,Nublado,4
2025-05-20,16:10:37,26.6,59.0,Sin lluvia,Nublado,4
2025-05-20,16:10:42,26.6,59.0,Sin lluvia,Noche,4
2025-05-20,16:10:47,26.6,59.0,Sin lluvia,Noche,4
2025-05-20,16:10:52,26.6,59.0,Sin lluvia,Nublado,4
2025-05-20,16:10:57,26.6,59.0,Sin lluvia,Nublado,4
2025-05-20,16:11:02,26.6,59.0,Sin lluvia,Noche,4
2025-05-20,16:11:07,26.6,59.0,Sin lluvia,Nublado,4
2025-05-20,16:11:12,26.6,59.0,Sin lluvia,Nublado,4
2025-05-20,16:11:17,26.6,59.0,Sin lluvia,Nublado,4
2025-05-20,16:11:22,26.6,59.0,Sin lluvia,Nublado,4
2025-05-20,16:11:27,26.6,59.0,Sin lluvia,Nublado,4
2025-05-20,16:11:32,26.6,59.0,Sin lluvia,Nublado,4
2025-05-20,16:11:38,26.6,59.0,Sin lluvia,Nublado,4
2025-05-20,16:11:43,26.6,59.0,Sin lluvia,Nublado,4
2025-05-20,16:11:48,26.6,59.0,Sin lluvia,Nublado,4
2025-05-20,16:11:53,26.6,59.0,Sin lluvia,Nublado,4
2025-05-20,16:11:58,26.6,59.0,Sin lluvia,Nublado,4
2025-05-20,16:12:03,26.6,60.0,Sin lluvia,Noche,4
2025-05-20,16:12:08,26.6,61.0,Sin lluvia,Nublado,4
2025-05-20,16:12:13,26.6,60.0,Sin lluvia,Nublado,4
2025-05-20,16:12:18,26.6,60.0,Sin lluvia,Nublado,4
2025-05-20,16:12:23,26.6,59.0,Sin lluvia,Nublado,4
2025-05-20,16:12:28,26.6,59.0,Sin lluvia,Nublado,4
2025-05-20,16:12:33,26.6,61.0,Sin lluvia,Nublado,4
2025-05-20,16:12:38,26.6,61.0,Sin lluvia,Nublado,4
2025-05-20,16:12:43,26.6,62.0,Sin lluvia,Nublado,4
2025-05-20,16:12:48,26.6,61.0,Sin lluvia,Nublado,4
2025-05-20,16:12:53,26.8,60.0,Sin lluvia,Nublado,4
2025-05-20,16:12:58,26.6,60.0,Sin lluvia,Soleado,4
2025-05-20,16:13:10,26.6,60.0,Sin lluvia,Nublado,4
2025-05-20,16:13:10,26.8,60.0,Sin lluvia,Nublado,4
2025-05-20,16:13:13,26.8,60.0,Sin lluvia,Nublado,4
2025-05-20,16:13:18,26.8,60.0,Sin lluvia,Nublado,4
2025-05-20,16:13:23,26.8,60.0,Sin lluvia,Nublado,4
2025-05-20,16:13:28,26.8,60.0,Sin lluvia,Nublado,4
2025-05-20,16:13:33,26.8,61.0,Sin lluvia,Nublado,4
2025-05-20,16:13:38,26.8,60.0,Sin lluvia,Nublado,4
2025-05-20,16:13:43,26.8,61.0,Sin lluvia,Nublado,4
2025-05-20,16:13:48,26.8,61.0,Sin lluvia,Nublado,4
2025-05-20,16:13:53,26.8,61.0,Sin lluvia,Nublado,4
2025-05-20,16:13:58,26.8,61.0,Sin lluvia,Nublado,4
2025-05-20,16:14:03,26.8,60.0,Sin lluvia,Nublado,4
2025-05-20,16:14:08,26.8,60.0,Sin lluvia,Nublado,4
2025-05-20,16:14:13,26.8,60.0,Sin lluvia,Nublado,4
2025-05-20,16:14:18,26.8,59.0,Sin lluvia,Nublado,4
2025-05-20,16:14:23,26.9,59.0,Sin lluvia,Noche,4
2025-05-20,16:14:29,26.9,59.0,Sin lluvia,Nublado,4
2025-05-20,16:14:34,26.9,60.0,Sin lluvia,Nublado,4
2025-05-20,16:14:39,26.9,60.0,Sin lluvia,Nublado,4
2025-05-20,16:14:44,26.9,59.0,Sin lluvia,Nublado,4
2025-05-20,16:14:49,26.8,59.0,Sin lluvia,Nublado,4
2025-05-20,16:14:54,26.9,59.0,Sin lluvia,Nublado,4
2025-05-20,16:14:59,26.8,59.0,Sin lluvia,Nublado,4
2025-05-20,16:15:04,26.8,59.0,Sin lluvia,Nublado,4
2025-05-20,16:15:09,26.8,59.0,Sin lluvia,Nublado,4
2025-05-20,16:15:14,26.8,60.0,Sin lluvia,Nublado,4
2025-05-20,16:15:19,26.9,60.0,Sin lluvia,Nublado,4
2025-05-20,16:15:24,26.9,59.0,Sin lluvia,Nublado,4
2025-05-20,16:15:29,26.8,60.0,Sin lluvia,Nublado,4
2025-05-20,16:15:34,26.9,60.0,Sin lluvia,Nublado,4
2025-05-20,16:15:39,26.8,60.0,Sin lluvia,Nublado,4
2025-05-20,16:15:44,26.9,59.0,Sin lluvia,Nublado,4
2025-05-20,16:15:49,26.9,59.0,Sin lluvia,Nublado,4
2025-05-20,16:15:54,26.8,59.0,Sin lluvia,Nublado,4
2025-05-20,16:15:59,26.8,59.0,Sin lluvia,Nublado,4
2025-05-20,16:16:04,26.8,59.0,Sin lluvia,Nublado,4
2025-05-20,16:16:09,26.8,59.0,Sin lluvia,Nublado,4
2025-05-20,16:16:14,26.8,59.0,Sin lluvia,Nublado,4
2025-05-20,16:16:19,26.8,59.0,Sin lluvia,Nublado,4
2025-05-20,16:16:24,26.8,59.0,Sin lluvia,Nublado,4
2025-05-20,16:16:29,26.8,59.0,Sin lluvia,Nublado,4
2025-05-20,16:16:34,26.8,60.0,Sin lluvia,Nublado,4
2025-05-20,16:16:39,26.8,59.0,Sin lluvia,Nublado,4
2025-05-20,16:16:44,26.8,59.0,Sin lluvia,Nublado,4
2025-05-20,16:16:49,26.8,59.0,Sin lluvia,Nublado,4
2025-05-20,16:16:54,26.8,59.0,Sin lluvia,Nublado,4
2025-05-20,16:16:59,26.8,59.0,Sin lluvia,Nublado,4
2025-05-20,16:17:04,26.8,59.0,Sin lluvia,Nublado,4
2025-05-20,16:17:09,26.8,59.0,Sin lluvia,Nublado,4
2025-05-20,16:17:14,26.8,59.0,Sin lluvia,Nublado,4
2025-05-20,16:17:20,26.8,59.0,Sin lluvia,Nublado,4
2025-05-20,16:17:25,26.6,59.0,Sin lluvia,Nublado,4
2025-05-20,16:17:30,26.6,59.0,Sin lluvia,Nublado,4
2025-05-20,16:17:35,26.6,59.0,Sin lluvia,Nublado,4
2025-05-20,16:17:40,26.6,59.0,Sin lluvia,Nublado,4
2025-05-20,16:17:45,26.6,59.0,Sin lluvia,Nublado,4
2025-05-20,16:17:50,26.6,59.0,Sin lluvia,Nublado,4
2025-05-20,16:17:55,26.6,59.0,Sin lluvia,Nublado,4
2025-05-20,16:18:00,26.6,59.0,Sin lluvia,Nublado,4
2025-05-20,16:18:05,26.6,59.0,Sin lluvia,Nublado,4
2025-05-20,16:18:10,26.6,59.0,Sin lluvia,Nublado,4
2025-05-20,16:18:15,26.6,59.0,Sin lluvia,Nublado,4
2025-05-20,16:18:20,26.6,59.0,Sin lluvia,Nublado,4
2025-05-20,16:18:25,26.6,59.0,Sin lluvia,Nublado,4
2025-05-20,16:18:30,26.6,59.0,Sin lluvia,Nublado,4
2025-05-20,16:18:35,26.6,59.0,Sin lluvia,Nublado,4
2025-05-20,16:18:40,26.6,59.0,Sin lluvia,Nublado,4
2025-05-20,16:18:45,26.6,59.0,Sin lluvia,Nublado,4
2025-05-20,16:18:50,26.6,59.0,Sin lluvia,Nublado,4
2025-05-20,16:18:55,26.6,59.0,Sin lluvia,Nublado,4
2025-05-20,16:19:00,26.6,59.0,Sin lluvia,Nublado,4
2025-05-20,16:19:05,26.6,59.0,Sin lluvia,Nublado,4
2025-05-20,16:19:10,26.6,59.0,Sin lluvia,Nublado,4
2025-05-20,16:19:15,26.6,59.0,Sin lluvia,Nublado,4
2025-05-20,16:19:20,26.6,59.0,Sin lluvia,Nublado,4
2025-05-20,16:19:25,26.6,59.0,Sin lluvia,Nublado,4
2025-05-20,16:19:30,26.6,59.0,Sin lluvia,Nublado,4
2025-05-20,16:19:35,26.6,59.0,Sin lluvia,Nublado,4
2025-05-20,16:19:40,26.6,59.0,Sin lluvia,Nublado,4
2025-05-20,16:19:45,26.6,59.0,Sin lluvia,Nublado,4
2025-05-20,16:19:50,26.5,59.0,Sin lluvia,Nublado,4
2025-05-20,16:19:55,26.6,59.0,Sin lluvia,Nublado,4
2025-05-20,16:20:00,26.6,59.0,Sin lluvia,Nublado,4
2025-05-20,16:20:05,26.5,59.0,Sin lluvia,Nublado,4
2025-05-20,16:20:11,26.6,59.0,Sin lluvia,Nublado,4
2025-05-20,16:20:16,26.6,59.0,Sin lluvia,Nublado,4
2025-05-20,16:20:21,26.5,59.0,Sin lluvia,Nublado,4
2025-05-20,16:20:26,26.5,60.0,Sin lluvia,Nublado,4
2025-05-20,16:20:31,26.5,60.0,Sin lluvia,Nublado,4
2025-05-20,16:20:36,26.5,60.0,Sin lluvia,Nublado,4
2025-05-20,16:20:41,26.5,60.0,Sin lluvia,Nublado,4
2025-05-20,16:20:46,26.5,60.0,Sin lluvia,Nublado,4
2025-05-20,16:20:51,26.5,60.0,Sin lluvia,Nublado,4
2025-05-20,16:20:56,26.5,60.0,Sin lluvia,Nublado,4
2025-05-20,16:21:01,26.5,60.0,Sin lluvia,Nublado,4
2025-05-20,16:21:06,26.5,60.0,Sin lluvia,Nublado,4
2025-05-20,16:21:11,26.5,60.0,Sin lluvia,Noche,4
2025-05-20,16:21:16,26.5,60.0,Sin lluvia,Nublado,4
2025-05-20,16:21:21,26.5,60.0,Sin lluvia,Nublado,4
2025-05-20,16:21:26,26.5,60.0,Sin lluvia,Nublado,4
2025-05-20,16:21:31,26.5,60.0,Sin lluvia,Nublado,4
2025-05-20,16:21:36,26.5,60.0,Sin lluvia,Nublado,4
2025-05-20,16:21:41,26.6,60.0,Sin lluvia,Nublado,4
2025-05-20,16:21:46,26.6,60.0,Sin lluvia,Nublado,4
2025-05-20,16:21:51,26.6,60.0,Sin lluvia,Nublado,4
2025-05-20,16:21:56,26.6,60.0,Sin lluvia,Nublado,4
2025-05-20,16:22:01,26.6,60.0,Sin lluvia,Nublado,4
2025-05-20,16:22:06,26.6,60.0,Sin lluvia,Nublado,4
2025-05-20,16:22:11,26.6,60.0,Sin lluvia,Nublado,4
2025-05-20,16:22:16,26.6,60.0,Sin lluvia,Nublado,4
2025-05-20,16:22:21,26.7,59.0,Sin lluvia,Nublado,4
2025-05-20,16:22:26,26.7,59.0,Sin lluvia,Nublado,4
2025-05-20,16:22:31,26.7,59.0,Sin lluvia,Nublado,4
2025-05-20,16:22:36,26.7,59.0,Sin lluvia,Nublado,4
2025-05-20,16:22:41,26.7,59.0,Sin lluvia,Nublado,4
2025-05-20,16:22:46,26.7,59.0,Sin lluvia,Nublado,4
2025-05-20,16:22:51,26.7,59.0,Sin lluvia,Nublado,4
2025-05-20,16:22:56,26.7,59.0,Sin lluvia,Nublado,4
2025-05-20,16:23:02,26.8,60.0,Sin lluvia,Nublado,4
2025-05-20,16:23:07,26.8,60.0,Sin lluvia,Nublado,4
2025-05-20,16:23:12,26.8,60.0,Sin lluvia,Nublado,4
2025-05-20,16:23:17,26.8,59.0,Sin lluvia,Nublado,4
2025-05-20,16:23:22,26.8,59.0,Sin lluvia,Nublado,4
2025-05-20,16:23:27,26.8,59.0,Sin lluvia,Nublado,4
2025-05-20,16:23:32,26.8,59.0,Sin lluvia,Nublado,4
2025-05-20,16:23:37,26.8,59.0,Sin lluvia,Nublado,4
2025-05-20,16:23:42,26.8,59.0,Sin lluvia,Nublado,4
2025-05-20,16:23:47,26.8,59.0,Sin lluvia,Nublado,4
2025-05-20,16:23:52,26.8,59.0,Sin lluvia,Nublado,4
2025-05-20,16:23:57,26.8,59.0,Sin lluvia,Nublado,4
2025-05-20,16:24:02,26.8,59.0,Sin lluvia,Nublado,4
2025-05-20,16:24:07,26.8,59.0,Sin lluvia,Nublado,4
2025-05-20,16:24:12,26.8,59.0,Sin lluvia,Nublado,4
2025-05-20,16:24:17,26.8,59.0,Sin lluvia,Nublado,4
2025-05-20,16:24:22,26.8,59.0,Sin lluvia,Nublado,4
2025-05-20,16:24:27,26.8,59.0,Sin lluvia,Nublado,4
2025-05-20,16:24:32,26.8,59.0,Sin lluvia,Nublado,4
2025-05-20,16:24:37,26.8,59.0,Sin lluvia,Nublado,4
2025-05-20,16:24:42,26.8,59.0,Sin lluvia,Nublado,4
2025-05-20,16:24:47,26.8,59.0,Sin lluvia,Nublado,4
2025-05-20,16:24:52,26.8,59.0,Sin lluvia,Nublado,4
2025-05-20,16:24:57,26.8,59.0,Sin lluvia,Nublado,4
2025-05-20,16:25:02,26.8,59.0,Sin lluvia,Nublado,4
2025-05-20,16:25:07,26.8,59.0,Sin lluvia,Nublado,4
2025-05-20,16:25:12,26.8,59.0,Sin lluvia,Nublado,4
2025-05-20,16:25:17,26.8,59.0,Sin lluvia,Nublado,4
2025-05-20,16:25:22,26.9,59.0,Sin lluvia,Nublado,4
2025-05-20,16:25:27,26.8,59.0,Sin lluvia,Nublado,4
2025-05-20,16:25:32,26.9,59.0,Sin lluvia,Nublado,4
2025-05-20,16:25:37,26.8,59.0,Sin lluvia,Nublado,4
2025-05-20,16:25:42,26.9,59.0,Sin lluvia,Nublado,4
2025-05-20,16:25:48,26.9,59.0,Sin lluvia,Nublado,4
2025-05-20,16:25:53,26.9,59.0,Sin lluvia,Nublado,4
2025-05-20,16:25:58,26.9,59.0,Sin lluvia,Nublado,4
2025-05-20,16:26:03,26.9,59.0,Sin lluvia,Nublado,4
2025-05-20,16:26:08,26.9,59.0,Sin lluvia,Nublado,4
2025-05-20,16:26:13,26.9,59.0,Sin lluvia,Nublado,4
2025-05-20,16:26:18,26.9,59.0,Sin lluvia,Nublado,4
2025-05-20,16:26:23,26.9,59.0,Sin lluvia,Nublado,4
2025-05-20,16:26:28,26.9,59.0,Sin lluvia,Nublado,4
2025-05-20,16:26:33,26.9,59.0,Sin lluvia,Nublado,4
2025-05-20,16:26:38,26.9,59.0,Sin lluvia,Nublado,4
2025-05-20,16:26:43,26.9,59.0,Sin lluvia,Nublado,4
2025-05-20,16:26:48,26.9,59.0,Sin lluvia,Nublado,4
2025-05-20,16:26:53,26.9,59.0,Sin lluvia,Nublado,4
2025-05-20,16:26:58,26.9,59.0,Sin lluvia,Nublado,4
2025-05-20,16:27:03,27.0,58.0,Sin lluvia,Nublado,4
2025-05-20,16:27:08,27.0,58.0,Sin lluvia,Nublado,4
2025-05-20,16:27:13,27.0,58.0,Sin lluvia,Nublado,4
2025-05-20,16:27:18,27.0,58.0,Sin lluvia,Nublado,4
2025-05-20,16:27:23,27.0,58.0,Sin lluvia,Nublado,4
2025-05-20,16:27:28,27.0,58.0,Sin lluvia,Nublado,4
2025-05-20,16:27:33,27.0,58.0,Sin lluvia,Nublado,4
2025-05-20,16:27:38,27.0,58.0,Sin lluvia,Nublado,4
2025-05-20,16:27:43,27.0,58.0,Sin lluvia,Nublado,4
2025-05-20,16:27:48,27.0,58.0,Sin lluvia,Nublado,4
2025-05-20,16:27:53,27.0,58.0,Sin lluvia,Nublado,4
2025-05-20,16:27:58,27.0,58.0,Sin lluvia,Nublado,4
2025-05-20,16:28:03,27.0,58.0,Sin lluvia,Nublado,4
2025-05-20,16:28:08,27.0,58.0,Sin lluvia,Nublado,4
2025-05-20,16:28:13,27.0,58.0,Sin lluvia,Nublado,4
2025-05-20,16:28:18,27.0,58.0,Sin lluvia,Nublado,4
2025-05-20,16:28:23,27.0,58.0,Sin lluvia,Nublado,4
2025-05-20,16:28:28,27.0,58.0,Sin lluvia,Nublado,4
2025-05-20,16:28:33,27.0,58.0,Sin lluvia,Nublado,4
2025-05-20,16:28:39,27.0,58.0,Sin lluvia,Nublado,4
2025-05-20,16:28:44,27.1,58.0,Sin lluvia,Nublado,4
2025-05-20,16:28:49,27.1,58.0,Sin lluvia,Nublado,4
2025-05-20,16:28:54,27.1,58.0,Sin lluvia,Nublado,4
2025-05-20,16:28:59,27.1,58.0,Sin lluvia,Nublado,4
2025-05-20,16:29:04,27.1,58.0,Sin lluvia,Nublado,4
2025-05-20,16:29:09,27.1,58.0,Sin lluvia,Nublado,4
2025-05-20,16:29:14,27.1,58.0,Sin lluvia,Nublado,4
2025-05-20,16:29:19,27.1,58.0,Sin lluvia,Nublado,4
2025-05-20,16:29:24,27.1,58.0,Sin lluvia,Nublado,4
2025-05-20,16:29:29,27.1,58.0,Sin lluvia,Nublado,4
2025-05-20,16:29:34,27.1,58.0,Sin lluvia,Nublado,4
2025-05-20,16:29:39,27.1,58.0,Sin lluvia,Nublado,4
2025-05-20,16:29:44,27.1,58.0,Sin lluvia,Nublado,4
2025-05-20,16:29:49,27.1,58.0,Sin lluvia,Nublado,4
2025-05-20,16:29:54,27.1,58.0,Sin lluvia,Noche,4
2025-05-20,16:29:59,27.1,58.0,Sin lluvia,Nublado,4
2025-05-20,16:30:04,27.1,58.0,Sin lluvia,Nublado,4
2025-05-20,16:30:09,27.1,58.0,Sin lluvia,Nublado,4
2025-05-20,16:30:14,27.1,58.0,Sin lluvia,Nublado,4
2025-05-20,16:30:19,27.1,58.0,Sin lluvia,Nublado,4
2025-05-20,16:30:24,27.1,58.0,Sin lluvia,Nublado,4
2025-05-20,16:30:29,27.1,58.0,Sin lluvia,Nublado,4
2025-05-20,16:30:34,27.1,58.0,Sin lluvia,Noche,4
2025-05-20,16:30:39,27.1,58.0,Sin lluvia,Soleado,4
2025-05-20,16:30:46,27.2,58.0,Sin lluvia,Noche,4
2025-05-20,16:30:49,27.2,58.0,Sin lluvia,Noche,4
2025-05-20,16:30:54,27.3,58.0,Sin lluvia,Noche,4
2025-05-20,16:30:59,27.3,58.0,Sin lluvia,Soleado,4
2025-05-20,16:31:08,27.3,58.0,Sin lluvia,Noche,4
2025-05-20,16:31:09,27.3,58.0,Sin lluvia,Nublado,4
2025-05-20,16:31:14,27.3,58.0,Sin lluvia,Nublado,4
2025-05-20,16:31:19,27.3,58.0,Sin lluvia,Nublado,4
2025-05-20,16:31:24,27.4,58.0,Sin lluvia,Nublado,4
2025-05-20,16:31:30,27.4,57.0,Sin lluvia,Nublado,4
2025-05-20,16:31:35,27.4,57.0,Sin lluvia,Nublado,4
2025-05-20,16:31:40,27.4,57.0,Sin lluvia,Noche,4
2025-05-20,16:31:45,27.4,57.0,Sin lluvia,Noche,4
2025-05-20,16:31:50,27.4,57.0,Sin lluvia,Nublado,4
2025-05-20,16:31:55,27.4,57.0,Sin lluvia,Nublado,4
2025-05-20,16:32:00,27.5,57.0,Sin lluvia,Nublado,4
2025-05-20,16:32:05,27.5,57.0,Sin lluvia,Nublado,4
2025-05-20,16:32:10,27.5,57.0,Sin lluvia,Nublado,4
2025-05-20,16:32:15,27.4,57.0,Sin lluvia,Nublado,4
2025-05-20,16:32:20,27.5,57.0,Sin lluvia,Nublado,4
2025-05-20,16:32:25,27.4,57.0,Sin lluvia,Nublado,4
2025-05-20,16:32:30,27.4,56.0,Sin lluvia,Nublado,4
2025-05-20,16:32:35,27.4,57.0,Sin lluvia,Nublado,4
2025-05-20,16:32:40,27.4,57.0,Sin lluvia,Nublado,4
2025-05-20,16:32:45,27.4,57.0,Sin lluvia,Nublado,4
2025-05-20,16:32:50,27.4,57.0,Sin lluvia,Nublado,4
2025-05-20,16:32:55,27.4,57.0,Sin lluvia,Nublado,4
2025-05-20,16:33:00,27.3,57.0,Sin lluvia,Nublado,4
2025-05-20,16:33:05,27.3,57.0,Sin lluvia,Nublado,4
2025-05-20,16:33:10,27.3,57.0,Sin lluvia,Nublado,4
2025-05-20,16:33:15,27.3,57.0,Sin lluvia,Nublado,4
2025-05-20,16:33:20,27.3,57.0,Sin lluvia,Nublado,4
2025-05-20,16:33:25,27.3,57.0,Sin lluvia,Nublado,4
2025-05-20,16:33:30,27.3,57.0,Sin lluvia,Nublado,4
2025-05-20,16:33:35,27.3,57.0,Sin lluvia,Nublado,4
2025-05-20,16:33:40,27.3,57.0,Sin lluvia,Nublado,4
2025-05-20,16:33:45,27.3,57.0,Sin lluvia,Nublado,4
2025-05-20,16:33:50,27.3,57.0,Sin lluvia,Nublado,4
2025-05-20,16:33:55,27.3,57.0,Sin lluvia,Nublado,4
2025-05-20,16:34:00,27.3,57.0,Sin lluvia,Nublado,4
2025-05-20,16:34:05,27.3,57.0,Sin lluvia,Nublado,4
2025-05-20,16:34:10,27.3,57.0,Sin lluvia,Nublado,4
2025-05-20,16:34:15,27.3,58.0,Sin lluvia,Nublado,4
2025-05-20,16:34:21,27.3,58.0,Sin lluvia,Nublado,4
2025-05-20,16:34:26,27.3,57.0,Sin lluvia,Nublado,4
2025-05-20,16:34:31,27.3,57.0,Sin lluvia,Nublado,4
2025-05-20,16:34:36,27.3,58.0,Sin lluvia,Nublado,4
2025-05-20,16:34:41,27.3,58.0,Sin lluvia,Nublado,4
2025-05-20,16:34:46,27.3,58.0,Sin lluvia,Nublado,4
2025-05-20,16:34:51,27.3,58.0,Sin lluvia,Nublado,4
2025-05-20,16:34:56,27.3,58.0,Sin lluvia,Nublado,4
2025-05-20,16:35:01,27.3,58.0,Sin lluvia,Nublado,4
2025-05-20,16:35:06,27.3,58.0,Sin lluvia,Nublado,4
2025-05-20,16:35:11,27.3,58.0,Sin lluvia,Nublado,4
2025-05-20,16:35:16,27.3,58.0,Sin lluvia,Nublado,4
2025-05-20,16:35:21,27.3,58.0,Sin lluvia,Nublado,4
2025-05-20,16:35:26,27.3,58.0,Sin lluvia,Nublado,4
2025-05-20,16:35:31,27.3,58.0,Sin lluvia,Nublado,4
2025-05-20,16:35:36,27.3,58.0,Sin lluvia,Nublado,4
2025-05-20,16:35:41,27.3,58.0,Sin lluvia,Nublado,4
2025-05-20,16:35:46,27.3,58.0,Sin lluvia,Nublado,4
2025-05-20,16:35:51,27.3,58.0,Sin lluvia,Nublado,4
2025-05-20,16:35:56,27.4,57.0,Sin lluvia,Nublado,4
2025-05-20,16:36:01,27.3,57.0,Sin lluvia,Nublado,4
2025-05-20,16:36:06,27.3,58.0,Sin lluvia,Nublado,4
2025-05-20,16:36:11,27.3,58.0,Sin lluvia,Nublado,4
2025-05-20,16:36:16,27.3,58.0,Sin lluvia,Nublado,4
2025-05-20,16:36:21,27.3,58.0,Sin lluvia,Nublado,4
2025-05-20,16:36:26,27.3,58.0,Sin lluvia,Nublado,4
2025-05-20,16:36:31,27.3,58.0,Sin lluvia,Nublado,4
2025-05-20,16:36:36,27.3,58.0,Sin lluvia,Nublado,4
2025-05-20,16:36:41,27.3,58.0,Sin lluvia,Nublado,4
2025-05-20,16:36:46,27.3,58.0,Sin lluvia,Nublado,4
2025-05-20,16:36:51,27.3,58.0,Sin lluvia,Nublado,4
2025-05-20,16:36:56,27.3,58.0,Sin lluvia,Nublado,4
2025-05-20,16:37:01,27.3,58.0,Sin lluvia,Nublado,4
2025-05-20,16:37:06,27.3,58.0,Sin lluvia,Nublado,4
2025-05-20,16:37:12,27.3,58.0,Sin lluvia,Nublado,4
2025-05-20,16:37:17,27.3,57.0,Sin lluvia,Nublado,4
2025-05-20,16:37:22,27.3,58.0,Sin lluvia,Nublado,4
2025-05-20,16:37:27,27.3,58.0,Sin lluvia,Nublado,4
2025-05-20,16:37:32,27.3,58.0,Sin lluvia,Nublado,4
2025-05-20,16:37:37,27.3,58.0,Sin lluvia,Nublado,4
2025-05-20,16:37:42,27.3,58.0,Sin lluvia,Nublado,4
2025-05-20,16:37:47,27.3,58.0,Sin lluvia,Nublado,4
2025-05-20,16:37:52,27.3,58.0,Sin lluvia,Nublado,4
2025-05-20,16:37:57,27.3,58.0,Sin lluvia,Nublado,4
2025-05-20,16:38:02,27.3,58.0,Sin lluvia,Nublado,4
2025-05-20,16:38:07,27.3,58.0,Sin lluvia,Nublado,4
2025-05-20,16:38:12,27.3,58.0,Sin lluvia,Nublado,4
2025-05-20,16:38:17,27.3,58.0,Sin lluvia,Nublado,4
2025-05-20,16:38:22,27.3,58.0,Sin lluvia,Nublado,4
2025-05-20,16:38:27,27.3,58.0,Sin lluvia,Nublado,4
2025-05-20,16:38:32,27.3,58.0,Sin lluvia,Nublado,4
2025-05-20,16:38:37,27.3,58.0,Sin lluvia,Nublado,4
2025-05-20,16:38:42,27.2,58.0,Sin lluvia,Nublado,4
2025-05-20,16:38:47,27.3,58.0,Sin lluvia,Nublado,4
2025-05-20,16:38:52,27.3,58.0,Sin lluvia,Nublado,4
2025-05-20,16:38:57,27.3,58.0,Sin lluvia,Nublado,4
2025-05-20,16:39:02,27.3,58.0,Sin lluvia,Nublado,4
2025-05-20,16:39:07,27.3,58.0,Sin lluvia,Nublado,4
2025-05-20,16:39:12,27.3,58.0,Sin lluvia,Nublado,4
2025-05-20,16:39:17,27.3,58.0,Sin lluvia,Nublado,4
2025-05-20,16:39:22,27.3,58.0,Sin lluvia,Nublado,4
2025-05-20,16:39:27,27.3,58.0,Sin lluvia,Nublado,4
2025-05-20,16:39:32,27.3,58.0,Sin lluvia,Nublado,4
2025-05-20,16:39:37,27.3,58.0,Sin lluvia,Nublado,4
2025-05-20,16:39:42,27.3,59.0,Sin lluvia,Nublado,4
2025-05-20,16:39:47,27.3,58.0,Sin lluvia,Nublado,4
2025-05-20,16:39:52,27.3,58.0,Sin lluvia,Nublado,4
2025-05-20,16:39:57,27.3,58.0,Sin lluvia,Nublado,4
2025-05-20,16:40:03,27.3,58.0,Sin lluvia,Nublado,4
2025-05-20,16:40:08,27.3,58.0,Sin lluvia,Nublado,4
2025-05-20,16:40:13,27.3,58.0,Sin lluvia,Nublado,4
2025-05-20,16:40:18,27.3,58.0,Sin lluvia,Nublado,4
2025-05-20,16:40:23,27.3,58.0,Sin lluvia,Nublado,4
2025-05-20,16:40:28,27.3,58.0,Sin lluvia,Nublado,4
2025-05-20,16:40:33,27.3,58.0,Sin lluvia,Nublado,4
2025-05-20,16:40:38,27.2,59.0,Sin lluvia,Nublado,4
2025-05-20,16:40:43,27.2,59.0,Sin lluvia,Nublado,4
2025-05-20,16:40:48,27.2,58.0,Sin lluvia,Nublado,4
2025-05-20,16:40:53,27.2,58.0,Sin lluvia,Nublado,4
2025-05-20,16:40:58,27.2,58.0,Sin lluvia,Nublado,4
2025-05-20,16:41:03,27.2,58.0,Sin lluvia,Nublado,4
2025-05-20,16:41:08,27.3,58.0,Sin lluvia,Nublado,4
2025-05-20,16:41:13,27.2,58.0,Sin lluvia,Nublado,4
2025-05-20,16:41:18,27.3,59.0,Sin lluvia,Nublado,4
2025-05-20,16:41:23,27.2,59.0,Sin lluvia,Nublado,4
2025-05-20,16:41:28,27.2,58.0,Sin lluvia,Nublado,4
2025-05-20,16:41:33,27.3,59.0,Sin lluvia,Nublado,4
2025-05-20,16:41:38,27.3,59.0,Sin lluvia,Nublado,4
2025-05-20,16:41:43,27.2,58.0,Sin lluvia,Nublado,4
2025-05-20,16:41:48,27.3,58.0,Sin lluvia,Nublado,4
2025-05-20,16:41:53,27.3,58.0,Sin lluvia,Nublado,4
2025-05-20,16:41:58,27.2,58.0,Sin lluvia,Nublado,4
2025-05-20,16:42:03,27.2,58.0,Sin lluvia,Nublado,4
2025-05-20,16:42:08,27.2,58.0,Sin lluvia,Nublado,4
2025-05-20,16:42:13,27.2,58.0,Sin lluvia,Nublado,4
2025-05-20,16:42:18,27.2,58.0,Sin lluvia,Nublado,4
2025-05-20,16:42:23,27.1,59.0,Sin lluvia,Nublado,4
2025-05-20,16:42:28,27.2,58.0,Sin lluvia,Nublado,4
2025-05-20,16:42:33,27.2,59.0,Sin lluvia,Nublado,4
2025-05-20,16:42:38,27.2,58.0,Sin lluvia,Nublado,4
2025-05-20,16:42:43,27.2,58.0,Sin lluvia,Nublado,4
2025-05-20,16:42:48,27.3,59.0,Sin lluvia,Nublado,4
2025-05-20,16:42:54,27.3,59.0,Sin lluvia,Nublado,4
2025-05-20,16:42:59,27.3,58.0,Sin lluvia,Nublado,4
2025-05-20,16:43:04,27.3,59.0,Sin lluvia,Nublado,4
2025-05-20,16:43:09,27.3,58.0,Sin lluvia,Nublado,4
2025-05-20,16:43:14,27.3,58.0,Sin lluvia,Nublado,4
2025-05-20,16:43:19,27.3,58.0,Sin lluvia,Nublado,4
2025-05-20,16:43:24,27.2,58.0,Sin lluvia,Nublado,4
2025-05-20,16:43:29,27.3,58.0,Sin lluvia,Nublado,4
2025-05-20,16:43:34,27.2,58.0,Sin lluvia,Nublado,4
2025-05-20,16:43:39,27.2,58.0,Sin lluvia,Nublado,4
2025-05-20,16:43:44,27.2,58.0,Sin lluvia,Nublado,4
2025-05-20,16:43:49,27.2,58.0,Sin lluvia,Nublado,4
2025-05-20,16:43:54,27.2,58.0,Sin lluvia,Nublado,4
2025-05-20,16:43:59,27.2,58.0,Sin lluvia,Nublado,4
2025-05-20,16:44:04,27.2,58.0,Sin lluvia,Nublado,4
2025-05-20,16:44:09,27.2,58.0,Sin lluvia,Nublado,4
2025-05-20,16:44:14,27.2,58.0,Sin lluvia,Nublado,4
2025-05-20,16:44:19,27.2,58.0,Sin lluvia,Nublado,4
2025-05-20,16:44:24,27.2,58.0,Sin lluvia,Nublado,4
2025-05-20,16:44:29,27.2,58.0,Sin lluvia,Nublado,4
2025-05-20,16:44:34,27.2,58.0,Sin lluvia,Nublado,4
2025-05-20,16:44:39,27.2,58.0,Sin lluvia,Nublado,4
2025-05-20,16:44:44,27.2,58.0,Sin lluvia,Nublado,4
2025-05-20,16:44:49,27.2,58.0,Sin lluvia,Nublado,4
2025-05-20,16:44:54,27.2,58.0,Sin lluvia,Nublado,4
2025-05-20,16:44:59,27.2,58.0,Sin lluvia,Nublado,4
2025-05-20,16:45:04,27.2,58.0,Sin lluvia,Nublado,4
2025-05-20,16:45:09,27.2,58.0,Sin lluvia,Nublado,4
2025-05-20,16:45:14,27.1,58.0,Sin lluvia,Nublado,4
2025-05-20,16:45:19,27.1,58.0,Sin lluvia,Nublado,4
2025-05-20,16:45:24,27.1,58.0,Sin lluvia,Nublado,4
2025-05-20,16:45:29,27.1,58.0,Sin lluvia,Nublado,4
2025-05-20,16:45:34,27.1,58.0,Sin lluvia,Nublado,4
2025-05-20,16:45:39,27.1,59.0,Sin lluvia,Noche,4
2025-05-20,16:45:45,27.1,59.0,Sin lluvia,Noche,4
2025-05-20,16:45:50,27.1,59.0,Sin lluvia,Noche,4
2025-05-20,16:45:55,27.1,59.0,Sin lluvia,Noche,4
2025-05-20,16:46:00,27.1,59.0,Sin lluvia,Noche,4
2025-05-20,16:46:05,27.2,59.0,Sin lluvia,Noche,4
2025-05-20,16:46:10,27.3,59.0,Sin lluvia,Noche,4
2025-05-20,16:46:15,27.3,59.0,Sin lluvia,Noche,4
2025-05-20,16:46:20,27.3,59.0,Sin lluvia,Nublado,4
2025-05-20,16:46:25,27.3,58.0,Sin lluvia,Nublado,4
2025-05-20,16:46:30,27.3,58.0,Sin lluvia,Nublado,4
2025-05-20,16:46:35,27.4,58.0,Sin lluvia,Nublado,4
2025-05-20,16:46:40,27.4,58.0,Sin lluvia,Nublado,4
2025-05-20,16:46:45,27.4,58.0,Sin lluvia,Nublado,4
2025-05-20,16:46:50,27.4,58.0,Sin lluvia,Noche,4
2025-05-20,16:46:55,27.4,58.0,Sin lluvia,Noche,4
2025-05-20,16:47:00,27.3,60.0,Sin lluvia,Nublado,4
2025-05-20,16:47:05,27.4,59.0,Sin lluvia,Nublado,4
2025-05-20,16:47:10,27.4,59.0,Sin lluvia,Noche,4
2025-05-20,16:47:15,27.3,59.0,Sin lluvia,Nublado,4
2025-05-20,16:47:20,27.4,58.0,Sin lluvia,Nublado,4
2025-05-20,16:47:25,27.4,58.0,Sin lluvia,Nublado,4
2025-05-20,16:47:30,27.4,58.0,Sin lluvia,Nublado,4
